order_id,customer_id,product_id,quantity,price_total,order_date,order_type
1001,151,P034,5,invalid,2024-12-01 00:00:00,invalid
1002,192,P047,3,61.62,2024-12-11 00:00:00,online
1003,114,P008,4,40.75,2024-12-05 00:00:00,invalid
1004,171,P040,4,68.36,2024-12-10 00:00:00,online
1005,160,P049,2,invalid,2024-12-01 00:00:00,store
1006,120,P044,abc,90.77,2024-12-03 00:00:00,online
1007,182,P019,abc,20.74,2024-12-08 00:00:00,promo
1008,186,P042,4,39.51,2024-12-09 00:00:00,store
1009,174,P041,4,83.42,2024-12-11 00:00:00,promo
1010,174,P037,4,63.76,2024-12-08 00:00:00,online
1011,187,P006,3,45.43,2024-12-05 00:00:00,online
1012,199,P026,4,52.61,2024-12-03 00:00:00,online
1013,123,P034,3,86.91,2024-12-10 00:00:00,online
1014,102,P045,3,40.6,2024-12-07 00:00:00,invalid
1015,121,P006,4,88.27,2024-12-11 00:00:00,online
1016,152,P037,3,17.93,2024-12-08 00:00:00,
1017,101,P033,1,79.91,2024-12-02 00:00:00,
1018,187,P022,1,86.28,2024-12-08 00:00:00,online
1019,129,P021,3,26.36,2024-12-06 00:00:00,store
1020,137,P006,4,48.73,2024-12-07 00:00:00,online
1021,101,P006,3,24.89,2024-12-06 00:00:00,online
1022,163,P048,4,73.59,2024-12-06 00:00:00,online
1023,159,P004,3,58.18,2024-12-11 00:00:00,store
1024,120,P030,4,67.18,2024-12-02 00:00:00,store
1025,132,P011,2,27.68,2024-12-03 00:00:00,store
1026,175,P030,3,29.06,2024-12-06 00:00:00,store
1027,157,P031,4,13.73,2024-12-07 00:00:00,online
1028,121,P024,5,38.99,2024-12-08 00:00:00,store
1029,188,P009,3,60.38,2024-12-05 00:00:00,promo
1030,148,P003,1,87.21,2024-12-11 00:00:00,online
1031,190,P031,1,70.02,2024-12-07 00:00:00,online
1032,158,P040,1,invalid,2024-12-09 00:00:00,promo
1033,141,P037,4,95.78,2024-12-01 00:00:00,online
1034,191,P036,2,74.73,2024-12-08 00:00:00,store
1035,159,P024,3,93.71,2024-12-02 00:00:00,online
1036,179,P031,3,57.48,2024-12-06 00:00:00,online
1037,114,P006,1,33.3,2024-12-05 00:00:00,online
1038,161,P002,3,14.75,2024-12-06 00:00:00,online
1039,161,P020,2,75.35,2024-12-02 00:00:00,store
1040,146,P028,3,20.92,2024-12-07 00:00:00,store
1041,161,P011,2,37.25,2024-12-09 00:00:00,promo
1042,150,P004,5,57.92,2024-12-01 00:00:00,
1043,154,P015,1,60.8,2024-12-11 00:00:00,store
1044,163,P006,abc,64.05,2024-12-09 00:00:00,promo
1045,102,P049,3,24.96,2024-12-08 00:00:00,online
1046,150,P030,5,44.18,2024-12-07 00:00:00,store
1047,106,P038,4,65.55,2024-12-01 00:00:00,promo
1048,120,P002,4,97.28,2024-12-04 00:00:00,online
1049,172,P015,4,75.49,2024-12-09 00:00:00,store
1050,138,P011,3,93.03,2024-12-06 00:00:00,online
1051,117,P008,3,78.6,2024-12-10 00:00:00,store
1052,103,P026,3,63.25,2024-12-08 00:00:00,
1053,188,P045,3,27.28,2024-12-11 00:00:00,
1054,159,P044,1,70.0,2024-12-08 00:00:00,promo
1055,113,P005,2,66.1,2024-12-01 00:00:00,promo
1056,108,P006,4,64.22,2024-12-04 00:00:00,store
1057,189,P026,3,54.08,2024-12-05 00:00:00,store
1058,152,P004,4,57.58,2024-12-09 00:00:00,online
1059,101,P019,4,40.1,2024-12-03 00:00:00,store
1060,183,P020,abc,56.74,2024-12-05 00:00:00,store
1061,191,P033,2,27.78,2024-12-08 00:00:00,invalid
1062,159,P020,2,82.47,2024-12-08 00:00:00,store
1063,170,P049,2,26.72,2024-12-02 00:00:00,store
1064,143,P012,3,17.65,2024-12-01 00:00:00,store
1065,107,P047,5,49.26,2024-12-11 00:00:00,store
1066,146,P001,2,69.25,2024-12-10 00:00:00,promo
1067,134,P026,4,49.39,2024-12-04 00:00:00,online
1068,177,P014,3,34.91,2024-12-03 00:00:00,store
1069,180,P038,4,60.24,2024-12-05 00:00:00,
1070,135,P037,4,41.23,2024-12-09 00:00:00,store
1071,149,P011,2,93.96,2024-12-01 00:00:00,online
1072,103,P036,3,93.04,2024-12-09 00:00:00,store
1073,101,P013,3,55.21,2024-12-07 00:00:00,
1074,105,P043,1,39.51,2024-12-02 00:00:00,online
1075,153,P003,3,76.34,2024-12-04 00:00:00,promo
1076,103,P033,1,13.3,2024-12-02 00:00:00,
1077,153,P006,3,52.73,2024-12-08 00:00:00,store
1078,192,P010,3,40.27,2024-12-02 00:00:00,invalid
1079,162,P005,3,92.85,2024-12-11 00:00:00,promo
1080,117,P023,4,11.08,2024-12-03 00:00:00,promo
1081,189,P010,1,59.75,2024-12-08 00:00:00,promo
1082,143,P044,4,76.66,2024-12-05 00:00:00,online
1083,133,P002,2,53.65,2024-12-09 00:00:00,online
1084,173,P013,2,17.69,2024-12-05 00:00:00,store
1085,161,P040,5,97.52,2024-12-07 00:00:00,online
1086,199,P002,1,56.62,2024-12-08 00:00:00,store
1087,113,P020,3,65.28,2024-12-08 00:00:00,
1088,194,P001,3,31.29,2024-12-04 00:00:00,
1089,147,P037,2,53.51,2024-12-08 00:00:00,store
1090,114,P009,2,48.62,2024-12-09 00:00:00,
1091,171,P017,2,16.74,2024-12-03 00:00:00,promo
1092,177,P009,5,19.55,2024-12-07 00:00:00,store
1093,186,P011,3,85.37,2024-12-04 00:00:00,online
1094,161,P015,2,31.58,2024-12-10 00:00:00,store
1095,139,P024,3,27.55,2024-12-09 00:00:00,promo
1096,184,P038,4,55.44,2024-12-03 00:00:00,store
1097,179,P035,1,79.19,2024-12-02 00:00:00,store
1098,181,P030,3,15.58,2024-12-05 00:00:00,online
1099,152,P031,3,61.91,2024-12-07 00:00:00,promo
1100,123,P049,abc,20.73,2024-12-06 00:00:00,
1101,125,P005,2,13.28,2024-12-09 00:00:00,promo
1102,188,P044,2,14.75,2024-12-05 00:00:00,invalid
1103,159,P014,2,85.07,2024-12-01 00:00:00,
1104,140,P011,4,20.62,2024-12-05 00:00:00,invalid
1105,128,P009,2,14.06,2024-12-05 00:00:00,invalid
1106,114,P034,3,invalid,2024-12-10 00:00:00,
1107,144,P012,4,85.96,2024-12-10 00:00:00,store
1108,164,P035,4,33.62,invalid,online
1109,188,P035,3,47.95,2024-12-08 00:00:00,store
1110,170,P001,5,13.59,2024-12-03 00:00:00,store
1111,108,P040,3,invalid,2024-12-08 00:00:00,online
1112,187,P022,3,61.99,2024-12-09 00:00:00,online
1113,100,P029,1,61.38,2024-12-08 00:00:00,invalid
1114,107,P008,abc,39.92,2024-12-06 00:00:00,
1115,187,P011,1,38.4,2024-12-06 00:00:00,
1116,162,P041,2,19.6,2024-12-09 00:00:00,store
1117,110,P037,1,invalid,2024-12-09 00:00:00,online
1118,180,P014,4,18.95,2024-12-07 00:00:00,online
1119,107,P030,2,78.99,2024-12-08 00:00:00,online
1120,134,P035,1,96.96,2024-12-06 00:00:00,online
1121,134,P021,1,97.31,invalid,online
1122,132,P037,1,87.86,2024-12-04 00:00:00,invalid
1123,104,P005,3,64.07,2024-12-10 00:00:00,promo
1124,140,P019,4,73.08,2024-12-07 00:00:00,online
1125,127,P014,2,35.67,2024-12-04 00:00:00,online
1126,106,P026,3,66.77,2024-12-07 00:00:00,store
1127,172,P004,4,51.01,2024-12-01 00:00:00,online
1128,171,P025,1,53.38,2024-12-06 00:00:00,invalid
1129,111,P045,2,78.2,2024-12-08 00:00:00,store
1130,133,P042,abc,35.37,2024-12-07 00:00:00,store
1131,132,P025,3,38.62,2024-12-07 00:00:00,online
1132,147,P018,2,invalid,2024-12-11 00:00:00,online
1133,122,P040,3,15.06,2024-12-11 00:00:00,store
1134,161,P008,2,53.71,2024-12-03 00:00:00,promo
1135,187,P039,3,92.15,2024-12-08 00:00:00,store
1136,136,P040,1,64.93,2024-12-01 00:00:00,online
1137,198,P014,1,59.18,2024-12-03 00:00:00,store
1138,143,P032,1,32.48,2024-12-09 00:00:00,store
1139,185,P038,abc,40.89,2024-12-10 00:00:00,
1140,190,P033,4,86.68,2024-12-06 00:00:00,online
1141,134,P023,1,60.33,2024-12-02 00:00:00,online
1142,164,P015,1,invalid,2024-12-08 00:00:00,store
1143,198,P033,4,18.96,2024-12-02 00:00:00,store
1144,146,P025,1,11.44,2024-12-09 00:00:00,store
1145,177,P017,2,96.73,2024-12-08 00:00:00,store
1146,102,P033,abc,43.93,2024-12-01 00:00:00,store
1147,100,P047,2,64.29,2024-12-03 00:00:00,
1148,104,P002,4,invalid,2024-12-07 00:00:00,store
1149,189,P014,abc,71.48,2024-12-11 00:00:00,invalid
1150,113,P040,2,93.93,2024-12-03 00:00:00,store
1151,126,P040,1,61.81,2024-12-02 00:00:00,invalid
1152,108,P039,2,21.35,2024-12-08 00:00:00,
1153,178,P006,5,62.35,2024-12-05 00:00:00,online
1154,114,P006,5,78.97,2024-12-06 00:00:00,
1155,189,P003,4,46.58,2024-12-10 00:00:00,online
1156,141,P007,1,89.19,2024-12-07 00:00:00,invalid
1157,176,P008,4,68.38,2024-12-11 00:00:00,store
1158,150,P042,abc,90.93,2024-12-02 00:00:00,online
1159,162,P015,4,66.12,2024-12-06 00:00:00,store
1160,195,P047,abc,21.82,2024-12-11 00:00:00,invalid
1161,151,P029,5,37.87,2024-12-09 00:00:00,online
1162,195,P033,4,28.16,2024-12-07 00:00:00,store
1163,103,P030,3,91.79,2024-12-06 00:00:00,promo
1164,193,P039,2,78.44,2024-12-11 00:00:00,
1165,122,P027,1,70.88,2024-12-08 00:00:00,store
1166,114,P036,4,37.09,2024-12-09 00:00:00,online
1167,142,P029,2,26.56,2024-12-01 00:00:00,online
1168,128,P038,5,78.08,2024-12-10 00:00:00,store
1169,135,P033,abc,52.67,2024-12-02 00:00:00,store
1170,112,P037,4,30.32,2024-12-04 00:00:00,invalid
1171,131,P027,1,65.5,2024-12-11 00:00:00,online
1172,170,P033,2,13.63,2024-12-11 00:00:00,store
1173,158,P004,1,39.36,2024-12-05 00:00:00,online
1174,185,P022,4,52.17,2024-12-04 00:00:00,online
1175,127,P002,4,23.32,2024-12-02 00:00:00,store
1176,165,P010,abc,98.62,2024-12-07 00:00:00,store
1177,141,P005,3,28.82,2024-12-02 00:00:00,store
1178,144,P010,abc,21.73,2024-12-11 00:00:00,invalid
1179,161,P033,5,28.32,2024-12-02 00:00:00,store
1180,156,P038,2,79.22,2024-12-08 00:00:00,invalid
1181,105,P013,5,48.3,2024-12-03 00:00:00,
1182,127,P031,2,60.89,2024-12-05 00:00:00,store
1183,127,P047,2,11.89,2024-12-01 00:00:00,
1184,143,P036,4,13.1,2024-12-01 00:00:00,store
1185,183,P045,2,50.12,2024-12-06 00:00:00,online
1186,129,P024,4,83.5,2024-12-01 00:00:00,promo
1187,161,P015,4,89.67,2024-12-05 00:00:00,online
1188,174,P029,3,17.8,2024-12-06 00:00:00,store
1189,191,P008,2,58.45,2024-12-06 00:00:00,promo
1190,188,P005,3,92.19,2024-12-07 00:00:00,online
1191,161,P029,3,44.92,2024-12-03 00:00:00,online
1192,196,P047,3,84.66,2024-12-04 00:00:00,invalid
1193,100,P004,3,22.03,2024-12-09 00:00:00,store
1194,126,P012,1,94.19,2024-12-07 00:00:00,online
1195,161,P045,3,77.63,2024-12-10 00:00:00,store
1196,176,P002,1,94.72,2024-12-11 00:00:00,store
1197,102,P027,4,70.9,2024-12-03 00:00:00,store
1198,169,P031,4,42.71,2024-12-03 00:00:00,invalid
1199,171,P036,3,94.44,2024-12-03 00:00:00,store
1200,126,P036,3,34.8,2024-12-02 00:00:00,online
1201,108,P026,abc,39.9,2024-12-10 00:00:00,
1202,161,P043,5,73.07,2024-12-07 00:00:00,
1203,136,P027,abc,78.88,2024-12-10 00:00:00,online
1204,196,P005,5,93.65,2024-12-11 00:00:00,online
1205,150,P020,1,28.43,2024-12-04 00:00:00,online
1206,143,P011,1,81.82,2024-12-08 00:00:00,store
1207,123,P010,3,76.47,2024-12-10 00:00:00,store
1208,178,P040,2,15.74,2024-12-03 00:00:00,store
1209,158,P038,3,44.85,2024-12-04 00:00:00,invalid
1210,131,P006,2,35.45,2024-12-08 00:00:00,promo
1211,195,P008,3,37.4,2024-12-11 00:00:00,online
1212,187,P023,4,98.47,2024-12-05 00:00:00,online
1213,151,P047,4,67.85,2024-12-08 00:00:00,store
1214,161,P026,3,74.59,2024-12-05 00:00:00,online
1215,157,P046,5,invalid,2024-12-11 00:00:00,store
1216,151,P043,3,43.95,2024-12-01 00:00:00,
1217,111,P012,5,82.17,2024-12-08 00:00:00,online
1218,138,P026,1,49.11,2024-12-05 00:00:00,store
1219,101,P013,abc,88.26,2024-12-11 00:00:00,promo
1220,102,P040,4,26.26,2024-12-09 00:00:00,store
1221,155,P018,2,95.29,2024-12-03 00:00:00,online
1222,180,P025,1,29.69,2024-12-02 00:00:00,store
1223,158,P033,3,39.36,2024-12-08 00:00:00,online
1224,101,P047,1,78.06,2024-12-06 00:00:00,invalid
1225,101,P040,1,45.44,2024-12-10 00:00:00,online
1226,191,P043,4,64.74,2024-12-05 00:00:00,store
1227,153,P012,3,50.01,2024-12-11 00:00:00,store
1228,186,P044,4,76.81,2024-12-07 00:00:00,invalid
1229,195,P036,abc,30.55,2024-12-05 00:00:00,online
1230,196,P048,3,15.26,2024-12-08 00:00:00,online
1231,100,P004,3,36.99,2024-12-05 00:00:00,online
1232,118,P005,1,52.69,2024-12-04 00:00:00,online
1233,101,P037,4,25.12,2024-12-07 00:00:00,online
1234,152,P008,2,41.93,2024-12-08 00:00:00,store
1235,143,P042,abc,46.0,2024-12-02 00:00:00,online
1236,189,P049,5,15.17,2024-12-04 00:00:00,online
1237,131,P028,3,62.5,2024-12-07 00:00:00,
1238,169,P031,1,89.59,2024-12-10 00:00:00,online
1239,131,P009,5,23.66,2024-12-06 00:00:00,online
1240,167,P029,4,63.8,2024-12-10 00:00:00,online
1241,154,P014,1,69.83,2024-12-05 00:00:00,invalid
1242,174,P040,2,47.74,2024-12-05 00:00:00,online
1243,155,P041,4,73.1,2024-12-01 00:00:00,
1244,116,P022,1,46.97,2024-12-11 00:00:00,promo
1245,137,P011,abc,55.42,2024-12-07 00:00:00,online
1246,123,P023,3,invalid,2024-12-05 00:00:00,invalid
1247,168,P001,1,72.25,2024-12-01 00:00:00,online
1248,197,P046,5,69.52,2024-12-10 00:00:00,online
1249,169,P037,2,13.46,2024-12-11 00:00:00,
1250,185,P021,3,43.14,2024-12-01 00:00:00,promo
1251,110,P026,1,98.11,2024-12-10 00:00:00,store
1252,115,P046,1,47.87,2024-12-08 00:00:00,online
1253,196,P036,4,55.18,2024-12-05 00:00:00,store
1254,172,P023,3,91.89,2024-12-04 00:00:00,promo
1255,158,P001,3,74.55,2024-12-10 00:00:00,online
1256,169,P040,4,62.39,2024-12-06 00:00:00,online
1257,179,P015,4,81.8,2024-12-04 00:00:00,online
1258,192,P021,1,87.79,2024-12-11 00:00:00,online
1259,102,P047,2,51.12,invalid,
1260,119,P009,abc,52.76,2024-12-10 00:00:00,store
1261,158,P009,4,44.74,2024-12-05 00:00:00,invalid
1262,135,P010,3,97.0,2024-12-11 00:00:00,online
1263,118,P026,2,72.74,invalid,promo
1264,189,P041,2,invalid,2024-12-11 00:00:00,online
1265,166,P035,4,87.67,2024-12-03 00:00:00,online
1266,118,P025,5,53.25,2024-12-11 00:00:00,online
1267,119,P026,4,16.19,2024-12-02 00:00:00,online
1268,195,P011,5,59.47,2024-12-11 00:00:00,store
1269,170,P038,4,47.54,2024-12-11 00:00:00,invalid
1270,151,P002,1,89.0,2024-12-01 00:00:00,store
1271,132,P007,3,28.36,2024-12-05 00:00:00,online
1272,139,P018,1,84.38,2024-12-08 00:00:00,online
1273,138,P027,2,60.19,2024-12-01 00:00:00,online
1274,181,P034,5,14.91,2024-12-10 00:00:00,store
1275,100,P027,3,97.47,2024-12-06 00:00:00,promo
1276,110,P017,3,56.14,2024-12-03 00:00:00,invalid
1277,191,P043,1,36.18,2024-12-02 00:00:00,online
1278,156,P044,2,52.25,2024-12-05 00:00:00,store
1279,188,P024,2,87.21,2024-12-06 00:00:00,store
1280,149,P025,2,37.44,2024-12-07 00:00:00,store
1281,122,P007,4,27.34,2024-12-03 00:00:00,store
1282,130,P006,2,21.62,2024-12-04 00:00:00,store
1283,193,P024,4,36.81,2024-12-03 00:00:00,store
1284,141,P033,1,80.2,2024-12-09 00:00:00,online
1285,198,P049,1,52.45,2024-12-06 00:00:00,promo
1286,106,P029,2,30.47,2024-12-09 00:00:00,online
1287,115,P043,3,24.96,2024-12-09 00:00:00,store
1288,189,P022,4,39.95,2024-12-05 00:00:00,store
1289,159,P026,3,94.59,2024-12-03 00:00:00,store
1290,101,P028,3,40.87,2024-12-05 00:00:00,invalid
1291,100,P021,4,98.93,2024-12-08 00:00:00,
1292,147,P049,1,53.67,2024-12-05 00:00:00,
1293,111,P007,2,26.12,2024-12-06 00:00:00,store
1294,168,P017,5,90.2,2024-12-02 00:00:00,promo
1295,136,P020,4,51.43,2024-12-08 00:00:00,store
1296,131,P041,2,invalid,2024-12-02 00:00:00,
1297,108,P049,abc,98.53,2024-12-03 00:00:00,store
1298,198,P020,4,14.52,2024-12-04 00:00:00,invalid
1299,118,P022,2,18.7,2024-12-11 00:00:00,invalid
1300,147,P028,4,74.84,2024-12-11 00:00:00,promo
1301,179,P040,3,35.36,2024-12-07 00:00:00,online
1302,102,P049,3,26.59,2024-12-09 00:00:00,online
1303,119,P007,2,13.54,2024-12-06 00:00:00,
1304,123,P001,2,11.97,2024-12-02 00:00:00,online
1305,153,P032,4,79.7,invalid,
1306,132,P013,3,22.1,2024-12-01 00:00:00,store
1307,123,P030,5,invalid,2024-12-05 00:00:00,store
1308,174,P023,4,64.53,2024-12-09 00:00:00,invalid
1309,171,P019,1,48.55,2024-12-02 00:00:00,store
1310,135,P032,4,12.44,2024-12-08 00:00:00,store
1311,137,P030,2,80.52,2024-12-06 00:00:00,store
1312,183,P029,3,10.95,2024-12-11 00:00:00,online
1313,198,P049,4,78.57,2024-12-11 00:00:00,promo
1314,188,P045,2,90.4,2024-12-05 00:00:00,online
1315,198,P029,3,48.96,2024-12-10 00:00:00,invalid
1316,124,P030,1,58.2,2024-12-07 00:00:00,
1317,192,P016,1,52.93,2024-12-11 00:00:00,online
1318,117,P040,2,45.03,2024-12-06 00:00:00,promo
1319,181,P019,2,invalid,2024-12-02 00:00:00,store
1320,165,P018,abc,90.45,2024-12-11 00:00:00,online
1321,153,P001,3,40.22,2024-12-04 00:00:00,invalid
1322,134,P014,2,65.36,2024-12-08 00:00:00,online
1323,179,P047,3,93.42,2024-12-01 00:00:00,online
1324,160,P002,1,96.59,2024-12-10 00:00:00,store
1325,140,P028,abc,55.81,2024-12-09 00:00:00,store
1326,199,P049,4,50.75,2024-12-06 00:00:00,store
1327,132,P030,4,35.08,2024-12-10 00:00:00,promo
1328,167,P038,1,96.3,2024-12-04 00:00:00,store
1329,132,P004,3,22.85,2024-12-11 00:00:00,store
1330,113,P001,3,62.18,2024-12-02 00:00:00,online
1331,120,P008,5,35.43,2024-12-11 00:00:00,online
1332,147,P029,1,35.11,2024-12-08 00:00:00,online
1333,119,P039,2,46.45,2024-12-05 00:00:00,online
1334,107,P003,abc,99.89,2024-12-11 00:00:00,store
1335,106,P032,3,14.95,2024-12-07 00:00:00,online
1336,166,P010,2,62.07,2024-12-02 00:00:00,online
1337,116,P010,1,17.43,2024-12-03 00:00:00,online
1338,132,P019,abc,23.91,2024-12-01 00:00:00,invalid
1339,147,P046,1,49.56,2024-12-01 00:00:00,invalid
1340,175,P034,4,55.94,2024-12-05 00:00:00,store
1341,158,P033,4,33.29,2024-12-08 00:00:00,invalid
1342,185,P023,2,38.48,2024-12-02 00:00:00,promo
1343,121,P028,4,17.83,2024-12-02 00:00:00,store
1344,129,P032,1,37.29,2024-12-04 00:00:00,online
1345,137,P007,2,96.99,2024-12-09 00:00:00,promo
1346,150,P029,4,95.02,2024-12-03 00:00:00,promo
1347,153,P008,5,40.14,2024-12-07 00:00:00,store
1348,107,P001,4,61.38,2024-12-08 00:00:00,promo
1349,126,P003,3,91.86,2024-12-06 00:00:00,store
1350,126,P024,1,10.56,2024-12-11 00:00:00,promo
1351,197,P023,1,82.96,2024-12-09 00:00:00,invalid
1352,120,P008,1,invalid,2024-12-07 00:00:00,online
1353,129,P047,2,invalid,2024-12-10 00:00:00,promo
1354,196,P037,2,24.53,2024-12-03 00:00:00,store
1355,127,P003,2,96.47,2024-12-07 00:00:00,store
1356,163,P033,2,58.38,2024-12-11 00:00:00,promo
1357,196,P028,2,11.28,2024-12-02 00:00:00,online
1358,168,P047,3,33.19,2024-12-08 00:00:00,store
1359,160,P008,5,50.49,2024-12-10 00:00:00,online
1360,147,P034,2,72.36,2024-12-07 00:00:00,store
1361,118,P035,abc,75.98,2024-12-05 00:00:00,store
1362,103,P032,5,99.59,2024-12-01 00:00:00,promo
1363,134,P024,1,35.88,2024-12-06 00:00:00,online
1364,163,P014,4,58.44,2024-12-04 00:00:00,store
1365,148,P032,3,58.0,2024-12-08 00:00:00,online
1366,116,P046,3,46.51,2024-12-08 00:00:00,
1367,143,P043,2,25.22,2024-12-04 00:00:00,invalid
1368,191,P016,3,97.97,2024-12-06 00:00:00,invalid
1369,129,P004,2,86.8,2024-12-02 00:00:00,promo
1370,192,P037,3,54.85,2024-12-11 00:00:00,promo
1371,145,P021,4,64.29,2024-12-06 00:00:00,online
1372,105,P014,4,30.45,2024-12-09 00:00:00,online
1373,198,P031,3,58.94,2024-12-11 00:00:00,store
1374,136,P048,4,72.55,2024-12-06 00:00:00,promo
1375,123,P018,1,56.37,2024-12-01 00:00:00,invalid
1376,192,P007,2,99.13,2024-12-07 00:00:00,online
1377,145,P010,5,65.02,2024-12-05 00:00:00,invalid
1378,152,P007,2,43.39,2024-12-04 00:00:00,store
1379,194,P033,1,79.49,2024-12-02 00:00:00,store
1380,198,P023,1,25.34,2024-12-08 00:00:00,online
1381,159,P021,2,44.61,2024-12-02 00:00:00,online
1382,196,P019,abc,41.23,2024-12-11 00:00:00,store
1383,162,P048,3,48.86,2024-12-04 00:00:00,store
1384,184,P019,abc,80.36,2024-12-11 00:00:00,online
1385,131,P036,3,53.58,2024-12-11 00:00:00,store
1386,186,P029,3,81.46,2024-12-10 00:00:00,
1387,132,P018,2,61.88,2024-12-01 00:00:00,
1388,166,P002,4,40.79,invalid,invalid
1389,117,P001,1,82.9,2024-12-06 00:00:00,online
1390,124,P047,5,31.45,2024-12-04 00:00:00,online
1391,194,P005,5,30.19,2024-12-03 00:00:00,promo
1392,153,P020,2,55.41,2024-12-10 00:00:00,store
1393,157,P011,abc,33.48,2024-12-04 00:00:00,online
1394,166,P042,5,10.82,2024-12-02 00:00:00,online
1395,145,P002,4,68.35,2024-12-09 00:00:00,store
1396,123,P003,1,56.0,2024-12-04 00:00:00,online
1397,131,P023,3,50.1,2024-12-10 00:00:00,online
1398,146,P012,3,97.03,2024-12-04 00:00:00,online
1399,185,P020,2,61.41,2024-12-04 00:00:00,online
1400,122,P005,1,87.71,2024-12-06 00:00:00,store
1401,165,P037,4,22.55,2024-12-03 00:00:00,store
1402,126,P038,1,invalid,2024-12-10 00:00:00,store
1403,101,P030,3,88.12,2024-12-01 00:00:00,online
1404,189,P009,abc,62.48,invalid,online
1405,116,P034,5,74.62,2024-12-03 00:00:00,store
1406,132,P044,2,invalid,2024-12-03 00:00:00,store
1407,108,P035,5,18.32,2024-12-09 00:00:00,store
1408,142,P022,1,51.21,2024-12-05 00:00:00,online
1409,147,P044,1,45.5,2024-12-03 00:00:00,invalid
1410,138,P024,4,88.04,2024-12-02 00:00:00,online
1411,192,P017,2,31.96,2024-12-11 00:00:00,store
1412,141,P010,2,97.01,2024-12-01 00:00:00,store
1413,125,P030,3,96.23,invalid,store
1414,198,P046,1,32.29,2024-12-01 00:00:00,online
1415,149,P023,2,41.32,2024-12-06 00:00:00,store
1416,124,P032,3,90.6,2024-12-04 00:00:00,promo
1417,123,P017,4,97.0,2024-12-10 00:00:00,online
1418,112,P017,4,49.91,2024-12-06 00:00:00,online
1419,159,P014,2,38.89,2024-12-01 00:00:00,online
1420,106,P009,3,57.35,2024-12-03 00:00:00,
1421,156,P040,1,71.9,2024-12-05 00:00:00,online
1422,135,P002,1,34.61,2024-12-01 00:00:00,invalid
1423,144,P045,4,76.28,2024-12-03 00:00:00,store
1424,119,P025,2,14.65,2024-12-07 00:00:00,invalid
1425,164,P039,1,14.44,2024-12-09 00:00:00,invalid
1426,107,P009,4,44.77,2024-12-02 00:00:00,store
1427,115,P022,4,41.81,2024-12-02 00:00:00,online
1428,113,P043,4,38.41,2024-12-08 00:00:00,online
1429,175,P046,2,54.19,2024-12-08 00:00:00,online
1430,186,P004,2,38.87,2024-12-06 00:00:00,promo
1431,114,P026,2,27.3,2024-12-09 00:00:00,online
1432,191,P029,1,37.85,2024-12-10 00:00:00,online
1433,197,P045,4,97.74,2024-12-02 00:00:00,store
1434,165,P034,5,47.0,2024-12-08 00:00:00,invalid
1435,131,P023,4,invalid,2024-12-09 00:00:00,online
1436,186,P037,4,61.89,2024-12-04 00:00:00,online
1437,162,P011,3,98.5,2024-12-10 00:00:00,online
1438,185,P006,4,invalid,2024-12-01 00:00:00,invalid
1439,150,P018,2,71.32,2024-12-11 00:00:00,store
1440,124,P021,3,74.44,2024-12-09 00:00:00,online
1441,157,P042,3,64.66,2024-12-05 00:00:00,online
1442,162,P036,1,17.97,2024-12-08 00:00:00,online
1443,161,P041,2,70.92,2024-12-11 00:00:00,online
1444,121,P038,abc,15.77,2024-12-01 00:00:00,invalid
1445,157,P034,2,63.65,2024-12-01 00:00:00,promo
1446,157,P017,1,76.56,2024-12-08 00:00:00,store
1447,185,P037,3,28.99,2024-12-07 00:00:00,
1448,148,P025,4,85.75,2024-12-07 00:00:00,online
1449,151,P038,3,12.73,2024-12-11 00:00:00,promo
1450,141,P012,4,invalid,2024-12-02 00:00:00,
1451,169,P023,1,51.43,2024-12-08 00:00:00,online
1452,114,P042,4,29.58,2024-12-08 00:00:00,promo
1453,153,P022,2,22.04,2024-12-02 00:00:00,online
1454,159,P021,5,95.8,2024-12-02 00:00:00,online
1455,196,P027,4,16.54,2024-12-06 00:00:00,online
1456,107,P031,1,27.92,2024-12-10 00:00:00,store
1457,152,P006,1,41.3,2024-12-03 00:00:00,promo
1458,159,P027,1,65.82,2024-12-02 00:00:00,invalid
1459,104,P040,2,59.03,2024-12-03 00:00:00,store
1460,167,P034,2,21.31,2024-12-05 00:00:00,
1461,105,P012,4,36.08,2024-12-10 00:00:00,
1462,195,P045,3,31.49,2024-12-11 00:00:00,online
1463,193,P007,2,29.22,2024-12-10 00:00:00,store
1464,146,P010,1,47.0,2024-12-09 00:00:00,online
1465,198,P045,1,73.36,2024-12-06 00:00:00,store
1466,154,P017,5,29.57,2024-12-07 00:00:00,invalid
1467,139,P026,2,43.0,2024-12-10 00:00:00,online
1468,151,P021,4,45.18,2024-12-09 00:00:00,promo
1469,115,P028,5,97.88,2024-12-05 00:00:00,store
1470,112,P046,4,95.92,2024-12-08 00:00:00,store
1471,129,P002,5,82.01,2024-12-09 00:00:00,online
1472,118,P043,2,31.75,2024-12-10 00:00:00,online
1473,116,P001,abc,16.12,2024-12-07 00:00:00,online
1474,162,P036,1,38.52,2024-12-02 00:00:00,online
1475,118,P026,1,34.01,invalid,online
1476,191,P029,4,55.53,2024-12-11 00:00:00,store
1477,157,P021,abc,80.0,2024-12-11 00:00:00,online
1478,154,P011,5,87.25,2024-12-09 00:00:00,
1479,189,P040,1,invalid,2024-12-04 00:00:00,store
1480,189,P011,2,42.37,2024-12-07 00:00:00,store
1481,161,P036,abc,invalid,2024-12-08 00:00:00,store
1482,122,P049,2,38.16,2024-12-04 00:00:00,store
1483,108,P039,4,15.48,2024-12-07 00:00:00,invalid
1484,111,P040,5,73.14,2024-12-06 00:00:00,online
1485,100,P035,3,10.88,2024-12-08 00:00:00,online
1486,157,P034,2,46.83,2024-12-07 00:00:00,promo
1487,100,P047,3,39.64,2024-12-07 00:00:00,online
1488,133,P024,2,72.4,2024-12-02 00:00:00,online
1489,195,P022,5,78.96,2024-12-06 00:00:00,online
1490,147,P005,3,37.37,2024-12-07 00:00:00,online
1491,188,P033,5,83.05,invalid,store
1492,100,P036,1,36.45,2024-12-11 00:00:00,online
1493,115,P047,abc,50.17,2024-12-05 00:00:00,
1494,160,P020,3,75.43,2024-12-06 00:00:00,promo
1495,163,P019,1,72.36,2024-12-03 00:00:00,store
1496,162,P035,1,98.86,2024-12-11 00:00:00,store
1497,168,P043,4,30.26,2024-12-08 00:00:00,
1498,121,P017,4,69.61,2024-12-02 00:00:00,online
1499,192,P045,5,64.87,2024-12-02 00:00:00,
1500,166,P043,1,92.36,2024-12-02 00:00:00,promo
1501,175,P034,1,24.07,2024-12-02 00:00:00,promo
1502,125,P009,3,77.66,2024-12-07 00:00:00,store
1503,115,P026,2,61.14,2024-12-02 00:00:00,online
1504,150,P002,3,34.72,2024-12-06 00:00:00,store
1505,185,P009,abc,52.7,2024-12-03 00:00:00,promo
1506,156,P009,abc,40.04,2024-12-09 00:00:00,online
1507,128,P040,abc,62.14,2024-12-01 00:00:00,promo
1508,177,P017,4,90.01,2024-12-10 00:00:00,online
1509,191,P001,2,61.24,2024-12-09 00:00:00,online
1510,168,P025,3,66.86,2024-12-09 00:00:00,online
1511,146,P043,3,56.69,2024-12-06 00:00:00,online
1512,193,P040,5,14.6,2024-12-11 00:00:00,store
1513,161,P042,1,30.96,2024-12-02 00:00:00,online
1514,168,P025,3,54.28,2024-12-07 00:00:00,invalid
1515,175,P039,1,37.92,invalid,store
1516,115,P035,3,26.36,2024-12-11 00:00:00,online
1517,189,P003,5,55.37,2024-12-07 00:00:00,store
1518,189,P037,4,39.05,2024-12-01 00:00:00,
1519,147,P044,2,33.23,2024-12-05 00:00:00,promo
1520,184,P044,abc,51.76,2024-12-10 00:00:00,online
1521,138,P030,4,22.0,2024-12-05 00:00:00,
1522,199,P038,1,93.5,2024-12-06 00:00:00,promo
1523,132,P034,2,88.09,2024-12-02 00:00:00,online
1524,193,P012,2,73.69,2024-12-10 00:00:00,online
1525,122,P019,1,19.56,2024-12-09 00:00:00,store
1526,109,P037,abc,79.83,2024-12-04 00:00:00,online
1527,168,P044,3,82.72,2024-12-03 00:00:00,
1528,199,P049,5,79.1,2024-12-11 00:00:00,online
1529,133,P017,2,20.26,2024-12-08 00:00:00,invalid
1530,151,P010,1,67.95,2024-12-04 00:00:00,store
1531,194,P049,3,85.09,2024-12-02 00:00:00,online
1532,109,P047,1,invalid,2024-12-06 00:00:00,online
1533,118,P012,3,68.18,2024-12-09 00:00:00,store
1534,157,P016,abc,51.25,2024-12-06 00:00:00,promo
1535,195,P024,3,57.58,2024-12-02 00:00:00,promo
1536,100,P019,4,13.09,2024-12-05 00:00:00,online
1537,168,P008,1,67.51,2024-12-10 00:00:00,online
1538,103,P031,1,17.33,2024-12-04 00:00:00,online
1539,115,P021,1,49.15,2024-12-07 00:00:00,store
1540,123,P017,3,36.34,2024-12-09 00:00:00,online
1541,179,P023,1,59.09,2024-12-10 00:00:00,store
1542,101,P037,2,22.01,2024-12-10 00:00:00,store
1543,191,P016,3,72.25,2024-12-11 00:00:00,invalid
1544,131,P006,2,81.55,2024-12-11 00:00:00,online
1545,190,P008,1,24.7,2024-12-09 00:00:00,online
1546,183,P025,2,19.39,2024-12-01 00:00:00,store
1547,123,P018,abc,23.1,2024-12-10 00:00:00,store
1548,111,P025,4,88.94,2024-12-11 00:00:00,online
1549,149,P012,3,57.54,2024-12-05 00:00:00,invalid
1550,134,P015,1,52.05,2024-12-01 00:00:00,
1551,132,P026,abc,19.6,2024-12-03 00:00:00,online
1552,132,P041,4,68.46,2024-12-05 00:00:00,online
1553,160,P045,2,88.12,2024-12-05 00:00:00,store
1554,150,P026,5,84.54,2024-12-06 00:00:00,promo
1555,142,P047,2,66.34,2024-12-06 00:00:00,online
1556,111,P032,3,16.78,2024-12-01 00:00:00,store
1557,166,P010,4,20.12,2024-12-03 00:00:00,store
1558,164,P016,2,14.44,2024-12-03 00:00:00,online
1559,132,P007,abc,33.17,2024-12-10 00:00:00,store
1560,139,P017,4,22.21,2024-12-11 00:00:00,invalid
1561,173,P023,3,invalid,2024-12-07 00:00:00,online
1562,142,P026,1,44.66,2024-12-02 00:00:00,online
1563,143,P021,1,94.87,2024-12-03 00:00:00,store
1564,128,P022,2,64.93,2024-12-11 00:00:00,
1565,112,P007,4,85.15,2024-12-01 00:00:00,invalid
1566,111,P014,2,73.93,2024-12-02 00:00:00,store
1567,194,P015,3,20.13,2024-12-09 00:00:00,promo
1568,145,P007,4,76.23,2024-12-04 00:00:00,store
1569,101,P009,1,34.76,2024-12-07 00:00:00,store
1570,134,P048,4,67.52,2024-12-07 00:00:00,online
1571,186,P008,1,40.69,2024-12-08 00:00:00,online
1572,180,P023,abc,99.79,2024-12-06 00:00:00,online
1573,189,P029,3,33.72,2024-12-03 00:00:00,store
1574,107,P018,1,invalid,2024-12-06 00:00:00,online
1575,192,P031,2,93.76,invalid,invalid
1576,125,P030,3,12.22,2024-12-06 00:00:00,online
1577,173,P039,4,72.7,2024-12-10 00:00:00,online
1578,189,P035,4,75.28,2024-12-10 00:00:00,store
1579,133,P018,4,85.27,2024-12-02 00:00:00,promo
1580,106,P042,1,97.7,2024-12-01 00:00:00,online
1581,167,P039,1,97.8,2024-12-03 00:00:00,online
1582,157,P017,1,15.87,2024-12-03 00:00:00,invalid
1583,174,P014,3,83.97,2024-12-10 00:00:00,online
1584,128,P031,5,68.17,2024-12-01 00:00:00,online
1585,135,P024,3,68.26,2024-12-11 00:00:00,
1586,188,P035,1,21.55,2024-12-02 00:00:00,online
1587,120,P044,3,68.52,2024-12-05 00:00:00,store
1588,135,P045,5,98.42,2024-12-08 00:00:00,online
1589,109,P034,4,92.06,2024-12-11 00:00:00,online
1590,172,P003,5,49.52,2024-12-07 00:00:00,online
1591,123,P037,2,invalid,2024-12-08 00:00:00,online
1592,163,P043,1,42.61,2024-12-10 00:00:00,online
1593,198,P040,5,84.38,2024-12-08 00:00:00,online
1594,148,P026,4,73.13,2024-12-07 00:00:00,promo
1595,198,P023,2,51.34,2024-12-05 00:00:00,online
1596,135,P044,4,14.96,2024-12-04 00:00:00,store
1597,181,P039,5,invalid,2024-12-09 00:00:00,
1598,195,P015,4,52.21,2024-12-02 00:00:00,store
1599,123,P049,4,93.57,2024-12-06 00:00:00,online
1600,122,P004,2,invalid,2024-12-07 00:00:00,invalid
1601,161,P029,3,38.05,2024-12-02 00:00:00,online
1602,195,P022,3,57.28,2024-12-05 00:00:00,online
1603,136,P025,5,15.94,2024-12-11 00:00:00,promo
1604,111,P013,5,97.53,2024-12-11 00:00:00,store
1605,154,P018,5,42.41,2024-12-10 00:00:00,store
1606,112,P033,1,53.01,2024-12-08 00:00:00,online
1607,122,P016,4,41.98,2024-12-09 00:00:00,store
1608,188,P045,4,71.43,2024-12-11 00:00:00,online
1609,198,P042,4,69.6,invalid,invalid
1610,129,P044,4,invalid,2024-12-01 00:00:00,online
1611,116,P002,5,34.13,2024-12-04 00:00:00,
1612,161,P035,3,38.41,2024-12-07 00:00:00,store
1613,183,P042,3,21.27,2024-12-10 00:00:00,
1614,188,P034,1,69.0,2024-12-01 00:00:00,promo
1615,185,P030,2,13.58,2024-12-01 00:00:00,store
1616,112,P013,4,63.79,2024-12-04 00:00:00,online
1617,158,P013,4,88.27,2024-12-05 00:00:00,online
1618,118,P018,2,90.17,2024-12-04 00:00:00,online
1619,148,P032,1,50.41,2024-12-03 00:00:00,
1620,199,P032,4,invalid,2024-12-05 00:00:00,
1621,111,P035,1,16.93,2024-12-05 00:00:00,store
1622,160,P039,1,70.37,2024-12-06 00:00:00,online
1623,118,P046,1,83.91,2024-12-02 00:00:00,online
1624,175,P029,1,32.02,2024-12-01 00:00:00,store
1625,108,P049,1,invalid,2024-12-08 00:00:00,store
1626,170,P029,2,85.5,2024-12-07 00:00:00,promo
1627,127,P044,3,88.94,2024-12-03 00:00:00,invalid
1628,177,P016,5,31.89,2024-12-03 00:00:00,online
1629,194,P044,3,59.55,2024-12-07 00:00:00,store
1630,151,P047,4,27.32,2024-12-09 00:00:00,store
1631,182,P010,1,19.17,2024-12-04 00:00:00,online
1632,115,P030,2,92.0,2024-12-09 00:00:00,online
1633,168,P025,4,83.85,2024-12-09 00:00:00,online
1634,198,P039,1,78.4,2024-12-11 00:00:00,
1635,111,P020,3,14.39,2024-12-06 00:00:00,store
1636,124,P005,3,85.94,2024-12-02 00:00:00,store
1637,151,P001,4,49.42,2024-12-07 00:00:00,invalid
1638,184,P030,1,40.82,2024-12-01 00:00:00,promo
1639,199,P049,2,59.18,2024-12-07 00:00:00,online
1640,152,P003,4,18.22,2024-12-01 00:00:00,store
1641,122,P045,1,78.1,2024-12-08 00:00:00,store
1642,115,P014,4,62.42,2024-12-02 00:00:00,promo
1643,156,P030,4,26.79,2024-12-06 00:00:00,promo
1644,138,P004,abc,26.94,2024-12-10 00:00:00,store
1645,152,P018,2,26.58,2024-12-07 00:00:00,online
1646,141,P037,5,15.13,2024-12-10 00:00:00,
1647,157,P025,3,62.9,2024-12-07 00:00:00,online
1648,138,P048,2,85.63,2024-12-11 00:00:00,online
1649,113,P001,1,11.57,2024-12-07 00:00:00,online
1650,194,P046,4,14.41,2024-12-05 00:00:00,online
1651,104,P015,2,61.55,2024-12-02 00:00:00,online
1652,134,P009,2,83.75,2024-12-07 00:00:00,
1653,186,P015,1,39.41,2024-12-01 00:00:00,invalid
1654,192,P049,5,41.47,2024-12-06 00:00:00,online
1655,174,P024,4,63.67,2024-12-03 00:00:00,online
1656,117,P004,4,34.68,2024-12-10 00:00:00,online
1657,175,P012,2,12.39,2024-12-08 00:00:00,online
1658,108,P037,1,76.17,2024-12-06 00:00:00,online
1659,173,P037,4,66.31,2024-12-02 00:00:00,invalid
1660,157,P043,3,62.27,2024-12-07 00:00:00,online
1661,116,P006,1,76.75,2024-12-02 00:00:00,store
1662,106,P039,4,70.77,2024-12-04 00:00:00,online
1663,145,P046,abc,28.53,2024-12-07 00:00:00,
1664,112,P024,4,41.72,2024-12-10 00:00:00,promo
1665,139,P011,4,21.35,2024-12-07 00:00:00,invalid
1666,141,P013,abc,21.69,2024-12-09 00:00:00,promo
1667,108,P034,2,70.86,2024-12-02 00:00:00,online
1668,149,P025,3,87.27,2024-12-07 00:00:00,online
1669,126,P007,abc,96.65,2024-12-05 00:00:00,store
1670,165,P004,1,66.55,2024-12-06 00:00:00,online
1671,104,P008,4,26.57,2024-12-04 00:00:00,store
1672,128,P020,3,19.51,2024-12-06 00:00:00,online
1673,136,P029,3,83.16,2024-12-03 00:00:00,online
1674,137,P045,4,62.09,2024-12-02 00:00:00,store
1675,182,P046,abc,65.65,2024-12-09 00:00:00,store
1676,107,P010,4,80.33,2024-12-11 00:00:00,promo
1677,164,P043,1,73.29,2024-12-02 00:00:00,online
1678,185,P034,5,85.1,2024-12-09 00:00:00,store
1679,116,P026,2,15.06,2024-12-09 00:00:00,online
1680,170,P041,2,77.28,2024-12-04 00:00:00,online
1681,188,P049,3,86.58,2024-12-06 00:00:00,store
1682,144,P003,3,35.75,2024-12-06 00:00:00,online
1683,103,P006,3,67.64,2024-12-11 00:00:00,online
1684,135,P005,abc,invalid,2024-12-03 00:00:00,online
1685,169,P005,4,96.22,2024-12-04 00:00:00,online
1686,130,P047,4,13.01,2024-12-02 00:00:00,online
1687,118,P023,1,62.18,2024-12-03 00:00:00,online
1688,160,P049,abc,24.99,2024-12-05 00:00:00,online
1689,153,P009,abc,74.1,2024-12-04 00:00:00,online
1690,138,P035,4,25.83,2024-12-03 00:00:00,store
1691,190,P020,1,31.18,invalid,online
1692,173,P049,1,54.49,2024-12-03 00:00:00,online
1693,189,P042,2,92.34,2024-12-11 00:00:00,online
1694,118,P035,1,29.05,2024-12-02 00:00:00,store
1695,138,P018,2,22.98,2024-12-03 00:00:00,
1696,166,P017,abc,invalid,2024-12-11 00:00:00,promo
1697,144,P024,3,55.06,2024-12-08 00:00:00,promo
1698,112,P003,1,92.06,2024-12-08 00:00:00,store
1699,191,P032,2,23.2,2024-12-10 00:00:00,store
1700,157,P035,1,68.13,2024-12-10 00:00:00,store
1701,119,P038,1,30.96,2024-12-08 00:00:00,online
1702,191,P013,2,24.11,2024-12-11 00:00:00,online
1703,171,P047,2,71.51,2024-12-10 00:00:00,online
1704,160,P025,4,63.43,2024-12-11 00:00:00,invalid
1705,138,P009,abc,77.93,2024-12-11 00:00:00,store
1706,100,P004,2,37.85,2024-12-10 00:00:00,promo
1707,102,P014,3,50.32,invalid,online
1708,176,P037,5,46.49,2024-12-11 00:00:00,store
1709,191,P034,2,98.57,2024-12-06 00:00:00,online
1710,161,P011,1,36.3,2024-12-03 00:00:00,online
1711,162,P041,5,36.53,2024-12-08 00:00:00,
1712,124,P003,1,41.91,2024-12-02 00:00:00,store
1713,155,P028,4,60.81,2024-12-08 00:00:00,online
1714,132,P029,3,32.71,2024-12-08 00:00:00,
1715,137,P009,2,92.38,2024-12-11 00:00:00,online
1716,105,P003,2,33.91,2024-12-05 00:00:00,invalid
1717,157,P025,4,90.62,2024-12-05 00:00:00,online
1718,143,P034,1,19.31,2024-12-10 00:00:00,online
1719,144,P012,2,69.09,2024-12-01 00:00:00,online
1720,131,P042,4,91.63,invalid,online
1721,144,P009,3,25.19,2024-12-09 00:00:00,online
1722,160,P015,1,97.15,2024-12-02 00:00:00,store
1723,146,P040,5,50.76,2024-12-05 00:00:00,
1724,120,P025,2,95.11,2024-12-08 00:00:00,promo
1725,179,P005,5,70.91,2024-12-08 00:00:00,online
1726,184,P011,4,37.14,2024-12-01 00:00:00,store
1727,174,P034,4,26.95,2024-12-01 00:00:00,online
1728,135,P024,3,37.34,2024-12-06 00:00:00,online
1729,198,P015,abc,18.37,2024-12-05 00:00:00,store
1730,118,P038,1,22.95,2024-12-02 00:00:00,store
1731,119,P008,4,19.42,2024-12-11 00:00:00,online
1732,156,P005,1,48.06,2024-12-02 00:00:00,online
1733,117,P048,2,81.6,2024-12-10 00:00:00,invalid
1734,146,P026,2,22.72,2024-12-10 00:00:00,online
1735,148,P018,abc,invalid,2024-12-09 00:00:00,store
1736,113,P006,abc,67.91,2024-12-07 00:00:00,store
1737,114,P037,1,27.75,2024-12-08 00:00:00,online
1738,130,P048,1,18.78,2024-12-10 00:00:00,online
1739,100,P013,4,25.02,2024-12-09 00:00:00,online
1740,153,P028,3,93.14,2024-12-01 00:00:00,promo
1741,102,P005,1,83.93,2024-12-08 00:00:00,store
1742,115,P013,4,41.87,2024-12-10 00:00:00,store
1743,186,P017,3,69.02,2024-12-11 00:00:00,invalid
1744,156,P040,abc,58.35,2024-12-04 00:00:00,promo
1745,174,P045,2,70.94,2024-12-06 00:00:00,store
1746,111,P032,3,71.44,2024-12-10 00:00:00,store
1747,173,P029,3,66.59,2024-12-08 00:00:00,store
1748,195,P003,4,33.95,2024-12-09 00:00:00,store
1749,115,P040,3,13.51,2024-12-03 00:00:00,store
1750,171,P034,4,51.0,2024-12-01 00:00:00,store
1751,175,P040,2,90.19,2024-12-08 00:00:00,online
1752,123,P027,5,61.25,2024-12-02 00:00:00,store
1753,127,P013,3,84.92,2024-12-06 00:00:00,online
1754,107,P045,1,99.25,2024-12-02 00:00:00,online
1755,191,P033,4,24.73,2024-12-09 00:00:00,online
1756,135,P006,2,72.26,2024-12-11 00:00:00,store
1757,189,P024,1,70.69,2024-12-03 00:00:00,store
1758,107,P019,5,98.2,2024-12-01 00:00:00,online
1759,157,P016,3,98.7,2024-12-04 00:00:00,store
1760,159,P040,4,71.8,2024-12-08 00:00:00,store
1761,149,P028,2,31.93,2024-12-08 00:00:00,online
1762,127,P033,4,81.87,2024-12-09 00:00:00,store
1763,191,P048,1,19.63,2024-12-09 00:00:00,promo
1764,140,P041,2,80.26,2024-12-10 00:00:00,promo
1765,199,P013,abc,91.92,2024-12-03 00:00:00,store
1766,163,P043,4,44.46,2024-12-06 00:00:00,store
1767,126,P045,3,66.76,2024-12-06 00:00:00,online
1768,162,P025,2,48.71,2024-12-05 00:00:00,online
1769,116,P042,5,49.4,2024-12-07 00:00:00,online
1770,172,P036,3,37.93,2024-12-07 00:00:00,invalid
1771,132,P027,4,78.59,2024-12-06 00:00:00,online
1772,183,P038,4,invalid,2024-12-11 00:00:00,online
1773,176,P007,1,94.67,2024-12-10 00:00:00,
1774,191,P005,1,25.73,2024-12-01 00:00:00,invalid
1775,128,P043,4,88.73,2024-12-11 00:00:00,promo
1776,112,P045,1,76.37,2024-12-11 00:00:00,online
1777,145,P031,2,32.76,2024-12-06 00:00:00,online
1778,134,P023,abc,16.06,invalid,online
1779,105,P042,3,34.12,2024-12-06 00:00:00,online
1780,181,P010,4,92.1,2024-12-02 00:00:00,online
1781,168,P032,3,66.99,2024-12-09 00:00:00,store
1782,146,P043,3,74.89,2024-12-11 00:00:00,invalid
1783,124,P030,1,33.14,2024-12-07 00:00:00,online
1784,165,P039,2,74.74,2024-12-05 00:00:00,store
1785,109,P031,2,12.53,2024-12-05 00:00:00,store
1786,155,P018,2,43.78,2024-12-11 00:00:00,online
1787,129,P036,4,66.41,2024-12-10 00:00:00,store
1788,104,P002,2,23.15,2024-12-03 00:00:00,online
1789,132,P014,3,84.07,2024-12-06 00:00:00,online
1790,164,P013,2,31.15,2024-12-02 00:00:00,promo
1791,117,P029,1,68.71,2024-12-10 00:00:00,online
1792,195,P012,3,46.47,2024-12-11 00:00:00,invalid
1793,148,P039,1,63.64,2024-12-03 00:00:00,online
1794,110,P002,1,19.67,2024-12-06 00:00:00,store
1795,184,P032,1,11.52,2024-12-05 00:00:00,store
1796,125,P013,2,91.86,2024-12-11 00:00:00,online
1797,162,P046,4,34.27,2024-12-11 00:00:00,online
1798,188,P027,2,83.77,2024-12-07 00:00:00,store
1799,185,P049,2,99.94,2024-12-03 00:00:00,
1800,158,P041,4,29.03,2024-12-10 00:00:00,
1801,126,P017,1,33.87,2024-12-02 00:00:00,store
1802,148,P040,5,69.66,2024-12-05 00:00:00,promo
1803,176,P031,3,96.89,2024-12-09 00:00:00,store
1804,132,P034,3,92.42,2024-12-07 00:00:00,promo
1805,197,P024,3,55.26,2024-12-11 00:00:00,store
1806,198,P045,1,81.56,2024-12-06 00:00:00,store
1807,100,P035,4,invalid,2024-12-03 00:00:00,
1808,120,P048,2,97.97,2024-12-11 00:00:00,online
1809,154,P006,5,96.79,2024-12-11 00:00:00,
1810,105,P019,1,24.74,2024-12-09 00:00:00,store
1811,191,P030,3,invalid,2024-12-02 00:00:00,online
1812,180,P007,3,19.01,invalid,online
1813,168,P010,1,34.45,2024-12-11 00:00:00,online
1814,194,P041,2,83.44,2024-12-07 00:00:00,store
1815,104,P032,4,44.05,2024-12-09 00:00:00,
1816,102,P034,5,17.96,2024-12-06 00:00:00,online
1817,152,P028,2,40.8,2024-12-01 00:00:00,
1818,122,P015,4,98.32,2024-12-06 00:00:00,
1819,152,P030,abc,66.67,2024-12-05 00:00:00,online
1820,136,P037,5,47.45,2024-12-03 00:00:00,
1821,173,P029,1,24.99,2024-12-04 00:00:00,invalid
1822,173,P022,4,98.76,2024-12-06 00:00:00,promo
1823,182,P004,2,83.88,2024-12-08 00:00:00,promo
1824,116,P020,abc,35.33,2024-12-04 00:00:00,invalid
1825,184,P032,3,16.31,2024-12-04 00:00:00,store
1826,177,P036,1,15.1,2024-12-03 00:00:00,online
1827,172,P004,4,20.83,2024-12-03 00:00:00,
1828,100,P027,2,62.27,2024-12-02 00:00:00,store
1829,150,P017,abc,93.59,2024-12-05 00:00:00,store
1830,144,P012,abc,54.71,2024-12-02 00:00:00,online
1831,176,P022,4,85.87,2024-12-09 00:00:00,promo
1832,103,P017,1,50.13,2024-12-09 00:00:00,online
1833,161,P010,4,73.77,2024-12-09 00:00:00,invalid
1834,164,P001,1,75.87,2024-12-01 00:00:00,online
1835,131,P022,1,25.66,2024-12-11 00:00:00,online
1836,133,P026,5,42.51,2024-12-06 00:00:00,store
1837,191,P018,2,invalid,2024-12-10 00:00:00,online
1838,194,P014,2,16.36,2024-12-03 00:00:00,store
1839,171,P047,abc,42.54,2024-12-10 00:00:00,invalid
1840,138,P029,2,58.13,2024-12-07 00:00:00,
1841,125,P012,2,99.66,2024-12-03 00:00:00,online
1842,133,P036,abc,52.71,2024-12-03 00:00:00,online
1843,153,P035,1,83.45,2024-12-03 00:00:00,
1844,102,P012,4,48.89,2024-12-10 00:00:00,invalid
1845,149,P007,abc,81.68,2024-12-03 00:00:00,store
1846,111,P029,abc,63.59,2024-12-08 00:00:00,store
1847,164,P011,4,89.79,2024-12-01 00:00:00,online
1848,153,P033,2,46.98,2024-12-07 00:00:00,
1849,104,P006,2,64.39,2024-12-06 00:00:00,store
1850,193,P047,5,66.7,2024-12-11 00:00:00,online
1851,193,P015,5,47.56,2024-12-04 00:00:00,online
1852,156,P032,3,22.99,2024-12-08 00:00:00,
1853,116,P011,2,18.42,2024-12-10 00:00:00,online
1854,146,P023,1,11.5,2024-12-05 00:00:00,online
1855,122,P026,1,88.62,2024-12-08 00:00:00,store
1856,178,P034,4,31.28,2024-12-04 00:00:00,online
1857,184,P046,3,29.04,2024-12-09 00:00:00,online
1858,113,P034,abc,76.24,2024-12-04 00:00:00,
1859,165,P029,4,38.8,2024-12-05 00:00:00,
1860,174,P004,1,55.54,2024-12-08 00:00:00,
1861,150,P017,4,24.63,2024-12-04 00:00:00,
1862,137,P035,3,96.38,2024-12-06 00:00:00,store
1863,163,P013,3,86.64,2024-12-11 00:00:00,
1864,197,P041,4,87.74,2024-12-10 00:00:00,online
1865,137,P039,5,invalid,2024-12-08 00:00:00,store
1866,149,P015,5,78.61,2024-12-08 00:00:00,invalid
1867,197,P029,2,22.95,2024-12-05 00:00:00,online
1868,181,P029,1,10.78,2024-12-07 00:00:00,online
1869,129,P011,4,11.8,2024-12-09 00:00:00,store
1870,178,P032,1,62.79,2024-12-09 00:00:00,online
1871,190,P002,2,50.99,2024-12-07 00:00:00,online
1872,150,P047,1,invalid,2024-12-03 00:00:00,
1873,162,P014,4,10.67,2024-12-04 00:00:00,invalid
1874,197,P020,1,48.04,2024-12-10 00:00:00,store
1875,151,P022,4,74.63,2024-12-03 00:00:00,online
1876,137,P011,abc,49.84,2024-12-05 00:00:00,online
1877,196,P027,1,75.9,2024-12-01 00:00:00,
1878,187,P003,1,30.97,2024-12-11 00:00:00,store
1879,178,P017,2,83.18,2024-12-08 00:00:00,online
1880,129,P044,5,62.96,2024-12-06 00:00:00,store
1881,150,P028,2,28.97,2024-12-09 00:00:00,online
1882,180,P029,2,31.3,2024-12-02 00:00:00,store
1883,104,P021,1,66.52,2024-12-09 00:00:00,
1884,128,P047,4,84.69,2024-12-02 00:00:00,store
1885,103,P016,3,47.41,2024-12-05 00:00:00,store
1886,109,P037,4,33.25,2024-12-02 00:00:00,online
1887,155,P020,abc,88.03,2024-12-03 00:00:00,promo
1888,116,P006,2,70.23,2024-12-05 00:00:00,store
1889,173,P019,5,50.33,2024-12-08 00:00:00,online
1890,116,P005,1,53.91,2024-12-09 00:00:00,store
1891,183,P003,5,28.38,2024-12-03 00:00:00,online
1892,187,P001,4,66.41,2024-12-07 00:00:00,
1893,168,P038,5,42.29,2024-12-02 00:00:00,store
1894,133,P015,1,99.61,2024-12-04 00:00:00,invalid
1895,105,P034,1,53.22,2024-12-08 00:00:00,online
1896,152,P035,2,53.73,2024-12-06 00:00:00,promo
1897,165,P049,2,60.93,2024-12-01 00:00:00,store
1898,176,P025,2,92.51,2024-12-07 00:00:00,promo
1899,142,P024,2,82.07,2024-12-01 00:00:00,online
1900,174,P012,1,50.6,2024-12-07 00:00:00,store
1901,122,P018,3,74.68,2024-12-09 00:00:00,promo
1902,154,P015,5,62.76,2024-12-06 00:00:00,online
1903,179,P044,3,54.31,2024-12-04 00:00:00,online
1904,194,P016,1,27.31,2024-12-07 00:00:00,store
1905,174,P027,3,51.75,2024-12-02 00:00:00,store
1906,115,P008,1,32.12,invalid,online
1907,107,P046,abc,92.34,2024-12-04 00:00:00,online
1908,103,P025,1,40.19,2024-12-01 00:00:00,online
1909,103,P017,4,95.7,2024-12-06 00:00:00,promo
1910,155,P029,abc,57.97,2024-12-02 00:00:00,store
1911,124,P008,5,66.84,2024-12-11 00:00:00,
1912,166,P015,4,58.86,2024-12-06 00:00:00,invalid
1913,195,P027,5,21.64,2024-12-03 00:00:00,store
1914,166,P046,abc,invalid,2024-12-03 00:00:00,online
1915,126,P007,4,18.92,2024-12-01 00:00:00,online
1916,192,P003,3,66.07,2024-12-05 00:00:00,online
1917,131,P029,4,50.22,2024-12-08 00:00:00,invalid
1918,149,P044,3,invalid,2024-12-03 00:00:00,store
1919,160,P024,4,29.84,2024-12-08 00:00:00,online
1920,150,P003,3,24.81,2024-12-08 00:00:00,online
1921,118,P020,2,46.57,2024-12-10 00:00:00,store
1922,120,P046,1,93.39,2024-12-01 00:00:00,store
1923,104,P015,1,73.94,2024-12-02 00:00:00,online
1924,181,P025,2,47.7,2024-12-01 00:00:00,invalid
1925,191,P030,1,56.55,2024-12-05 00:00:00,store
1926,141,P014,3,17.58,2024-12-04 00:00:00,online
1927,160,P007,2,98.61,2024-12-03 00:00:00,
1928,121,P017,5,69.98,2024-12-09 00:00:00,online
1929,120,P044,1,invalid,2024-12-10 00:00:00,invalid
1930,169,P020,2,62.72,2024-12-09 00:00:00,invalid
1931,100,P036,4,19.85,2024-12-07 00:00:00,promo
1932,104,P009,3,96.93,2024-12-02 00:00:00,promo
1933,111,P038,1,25.73,2024-12-05 00:00:00,online
1934,189,P048,5,68.32,2024-12-04 00:00:00,invalid
1935,145,P022,5,32.09,2024-12-05 00:00:00,store
1936,133,P002,2,74.58,2024-12-02 00:00:00,promo
1937,148,P024,2,79.91,2024-12-01 00:00:00,invalid
1938,177,P008,abc,70.61,2024-12-04 00:00:00,invalid
1939,189,P011,4,65.3,2024-12-07 00:00:00,
1940,144,P013,3,90.32,2024-12-11 00:00:00,online
1941,126,P017,5,17.08,2024-12-10 00:00:00,invalid
1942,172,P008,2,39.78,2024-12-08 00:00:00,store
1943,125,P021,3,32.35,2024-12-02 00:00:00,invalid
1944,146,P018,2,98.92,2024-12-02 00:00:00,store
1945,185,P030,4,45.05,2024-12-08 00:00:00,online
1946,155,P018,3,75.94,invalid,online
1947,193,P046,4,71.63,2024-12-09 00:00:00,store
1948,162,P047,2,29.09,2024-12-01 00:00:00,promo
1949,147,P031,2,31.51,2024-12-11 00:00:00,online
1950,160,P038,3,35.32,2024-12-09 00:00:00,store
1951,180,P032,4,47.0,2024-12-10 00:00:00,online
1952,125,P011,3,31.09,2024-12-04 00:00:00,
1953,135,P045,1,invalid,2024-12-03 00:00:00,store
1954,100,P025,5,89.15,2024-12-05 00:00:00,online
1955,107,P033,1,96.9,2024-12-07 00:00:00,online
1956,198,P038,abc,40.74,2024-12-01 00:00:00,online
1957,151,P041,1,40.47,2024-12-10 00:00:00,store
1958,178,P008,4,invalid,2024-12-06 00:00:00,online
1959,146,P011,1,71.22,2024-12-04 00:00:00,online
1960,155,P022,abc,84.29,2024-12-10 00:00:00,invalid
1961,185,P024,3,23.19,2024-12-07 00:00:00,
1962,113,P041,1,24.37,2024-12-03 00:00:00,store
1963,189,P017,2,81.11,2024-12-11 00:00:00,invalid
1964,127,P012,1,65.47,2024-12-11 00:00:00,online
1965,186,P046,1,14.04,2024-12-02 00:00:00,store
1966,177,P032,abc,66.03,2024-12-09 00:00:00,store
1967,187,P015,3,37.8,2024-12-06 00:00:00,store
1968,101,P016,4,43.19,2024-12-02 00:00:00,online
1969,125,P022,4,79.28,2024-12-09 00:00:00,store
1970,113,P028,4,82.98,2024-12-09 00:00:00,store
1971,158,P020,1,invalid,2024-12-09 00:00:00,promo
1972,155,P033,2,95.24,2024-12-09 00:00:00,online
1973,106,P010,4,46.58,2024-12-09 00:00:00,online
1974,102,P040,abc,79.47,2024-12-01 00:00:00,online
1975,122,P032,2,53.55,2024-12-07 00:00:00,online
1976,117,P033,2,90.78,2024-12-08 00:00:00,store
1977,137,P002,3,91.7,2024-12-01 00:00:00,online
1978,198,P033,abc,17.87,2024-12-11 00:00:00,
1979,114,P033,2,94.28,2024-12-07 00:00:00,online
1980,163,P041,3,84.3,2024-12-06 00:00:00,online
1981,188,P013,5,81.22,2024-12-05 00:00:00,store
1982,127,P030,1,28.08,2024-12-01 00:00:00,online
1983,173,P033,1,82.46,2024-12-06 00:00:00,store
1984,138,P013,4,86.51,2024-12-02 00:00:00,store
1985,156,P026,abc,36.02,2024-12-06 00:00:00,online
1986,116,P022,2,95.7,2024-12-04 00:00:00,online
1987,185,P039,3,14.49,2024-12-11 00:00:00,online
1988,189,P002,3,23.49,2024-12-11 00:00:00,online
1989,143,P038,3,58.38,2024-12-02 00:00:00,online
1990,124,P039,4,61.82,2024-12-10 00:00:00,online
1991,116,P026,3,68.06,2024-12-06 00:00:00,online
1992,112,P046,3,11.53,2024-12-03 00:00:00,store
1993,183,P015,3,invalid,2024-12-01 00:00:00,store
1994,124,P034,3,invalid,2024-12-06 00:00:00,store
1995,167,P042,3,22.88,2024-12-09 00:00:00,online
1996,109,P044,5,11.26,2024-12-06 00:00:00,online
1997,166,P049,1,61.02,2024-12-11 00:00:00,
1998,117,P040,5,93.9,2024-12-03 00:00:00,store
1999,199,P011,5,69.94,2024-12-11 00:00:00,
2000,185,P003,2,84.04,2024-12-08 00:00:00,online
